Number_of_Customers,Menu_Price,Marketing_Spend,Cuisine_Type,Average_Customer_Spending,Promotions,Reviews,Monthly_Revenue
92,23.34,18.14399643,American,23.43,1,13,542.47
96,35.35,16.9603177,American,20.18,0,86,496.65
98,39.22,16.68606732,American,13.65,0,69,494.27
99,43.62,18.00642536,American,31.90,1,66,492.31
98,35.81,17.63984339,American,48.23,0,54,491.22
74,43.46,19.56794558,American,46.13,1,90,490.23
71,49.91,12.92180247,American,38.58,0,12,485.24
57,42.80,11.54499462,American,33.97,1,47,472.85
98,35.87,17.06179247,American,41.30,0,95,464.19
68,48.11,15.7350067,American,13.71,0,3,462.10
91,19.90,19.11648967,American,20.96,1,10,461.89
75,38.83,14.83424123,American,41.33,1,31,461.42
94,47.64,4.146180064,American,20.96,0,99,457.58
93,38.86,9.363082826,American,41.45,1,63,438.00
84,31.29,19.81092066,American,12.10,1,70,437.46
78,17.18,15.26310583,American,32.14,1,95,434.87
81,38.96,8.577737577,American,42.32,0,47,434.14
98,18.22,13.34700796,American,11.61,0,54,432.74
89,41.60,5.654913792,American,37.46,0,74,424.29
99,47.94,7.578205561,American,36.79,0,89,423.69
77,19.23,18.80897011,American,15.33,0,20,413.93
95,43.52,15.33177048,American,45.80,0,93,409.30
79,10.20,19.59564916,American,28.90,0,70,408.17
75,49.29,6.873263852,American,18.82,0,77,406.05
75,37.53,2.941237011,American,11.50,1,38,405.41
83,14.52,11.65968852,American,44.02,0,58,404.84
99,46.62,4.058727351,American,10.07,1,83,404.50
53,30.05,18.61614595,American,10.27,0,39,400.91
78,48.19,18.58514796,American,30.53,0,91,400.83
76,30.90,12.65812661,American,48.46,0,1,400.67
92,19.43,13.11447345,American,43.10,1,10,399.87
83,28.86,19.78056717,American,26.73,1,59,399.76
83,26.05,14.43443105,American,45.30,0,35,399.72
45,43.48,14.79972773,American,43.83,1,25,397.64
67,24.37,7.717490058,American,21.92,0,30,396.71
72,40.67,8.026120484,American,42.95,1,18,395.10
30,26.87,16.55736751,American,48.06,0,96,391.97
91,19.10,17.97801648,American,18.38,0,3,391.80
40,28.97,8.703607985,American,22.31,1,54,388.92
93,38.65,15.62340848,American,33.59,1,32,387.03
90,16.12,5.32336025,American,42.82,1,69,383.65
91,36.80,11.23985695,American,44.52,1,12,382.71
89,42.75,0.5435003218,American,36.47,0,61,380.86
69,43.05,12.85349315,American,29.13,1,62,380.61
86,33.01,18.22137406,American,37.49,0,22,378.58
57,47.89,16.14792061,American,41.85,1,31,378.40
72,45.80,16.40755015,American,37.55,0,24,376.37
95,44.87,14.42786902,American,40.01,0,76,374.85
78,28.48,10.97677313,American,10.83,1,43,374.41
72,33.91,14.81962501,American,44.74,1,22,371.26
87,18.47,11.41299248,American,39.86,0,70,369.97
59,46.06,14.91720077,American,41.83,1,81,369.38
53,26.26,16.30236769,American,22.29,0,8,366.70
67,28.84,3.337702357,American,12.84,0,16,366.24
70,24.94,13.74812728,American,14.48,0,36,366.18
50,30.61,11.00183881,American,22.53,1,18,365.89
98,28.63,17.91629195,American,25.44,0,13,365.47
94,30.50,1.347691096,American,31.89,0,30,363.01
48,30.50,8.046542494,American,19.32,0,57,362.26
45,23.29,17.43195455,American,25.12,1,27,361.97
39,39.36,18.02592022,American,19.26,0,79,359.09
72,42.03,6.847672721,American,36.77,0,93,357.48
80,25.87,14.00503919,American,44.48,1,49,356.11
80,23.57,8.676010245,American,19.42,0,49,355.54
49,43.50,8.485937718,American,10.04,1,48,354.05
96,45.90,10.14102208,American,32.47,0,91,353.85
67,39.41,12.9290018,American,44.43,0,80,353.73
72,41.07,4.396106976,American,38.90,1,47,352.42
84,22.65,15.84187268,American,11.73,0,26,352.15
90,36.47,14.18027449,American,48.18,1,16,350.09
70,28.93,4.735686186,American,48.16,0,71,349.21
27,23.49,18.33583381,American,37.53,0,77,349.03
84,39.44,10.77391335,American,13.53,0,37,347.21
74,13.20,5.345052596,American,40.41,0,87,343.94
77,12.46,7.580542524,American,44.15,1,47,343.49
61,48.16,11.71620292,American,14.22,0,37,343.36
44,27.21,13.51160184,American,35.43,0,32,341.42
86,46.42,14.99090969,American,33.11,1,0,340.63
71,34.25,12.75754185,American,49.73,1,7,338.42
65,36.20,16.58035465,American,30.67,1,92,335.69
89,22.46,10.29315173,American,10.98,0,6,334.96
72,41.60,2.107350679,American,32.30,1,49,330.25
83,39.25,5.266315675,American,30.44,1,90,329.25
53,40.85,7.75190463,American,42.31,0,95,326.97
67,48.06,16.87849225,American,20.30,0,97,325.73
61,36.48,2.214968906,American,31.82,1,18,325.15
48,28.28,19.12444381,American,34.47,0,76,324.82
63,33.53,6.303790422,American,31.39,1,3,318.57
56,41.92,11.15961478,American,14.73,0,41,318.33
61,41.03,12.08143354,American,45.93,1,6,316.40
68,12.73,14.94439175,American,22.46,1,28,315.83
42,39.23,3.366739118,American,19.42,1,37,311.62
53,44.29,11.3434156,American,12.15,1,39,309.48
71,41.14,2.984755559,American,20.14,1,47,309.36
62,45.99,9.632696931,American,17.83,0,4,308.97
62,49.25,2.782316978,American,43.79,1,87,308.84
81,14.91,8.242618605,American,35.54,0,40,308.48
50,22.51,14.64897464,American,14.88,1,8,307.85
60,40.19,16.21371856,American,33.52,1,93,305.97
79,10.10,10.98260673,American,41.68,1,43,304.30
52,16.65,16.3959561,American,25.03,0,87,302.99
19,48.11,5.333503933,American,29.34,1,21,301.74
89,17.37,3.565049338,American,47.23,0,42,301.16
44,44.17,16.78921819,American,14.25,1,10,297.29
63,48.33,5.512246774,American,36.86,0,9,295.94
60,28.30,15.97186545,American,19.67,0,27,293.09
53,36.78,14.30077438,American,12.36,1,1,292.98
47,34.63,13.49215706,American,21.25,0,95,291.66
55,22.48,4.527029887,American,25.51,1,16,290.59
56,33.50,14.96383812,American,20.70,0,69,288.71
88,34.39,1.873448414,American,40.01,1,51,287.73
49,32.85,18.36415999,American,18.09,1,24,287.21
99,41.75,0.1217749648,American,46.35,1,76,285.16
53,43.01,14.49712999,American,18.80,1,87,284.97
66,23.74,8.048932749,American,12.23,1,52,283.86
75,29.17,12.6508822,American,10.38,0,82,282.82
56,34.07,4.3210273,American,26.77,1,92,281.53
87,20.98,16.42863983,American,41.77,1,91,280.92
43,16.99,17.37888505,American,29.50,1,40,280.90
56,44.05,13.33708842,American,28.89,1,69,278.80
30,12.66,11.6429646,American,17.31,1,19,276.49
48,14.36,11.86029001,American,44.62,0,75,276.06
61,32.63,3.567451686,American,22.25,0,28,275.40
58,37.75,12.58597612,American,22.75,0,40,273.37
65,49.07,0.8832387236,American,30.86,1,12,273.31
11,36.65,17.55294039,American,20.16,1,24,272.98
51,29.24,9.01194038,American,11.64,0,78,272.14
26,35.78,14.50311455,American,18.96,1,5,271.72
58,10.38,4.321809064,American,39.52,0,26,270.69
41,41.19,13.26084009,American,15.57,1,58,269.64
74,31.00,3.320686268,American,39.83,1,6,269.18
17,13.59,19.89297283,American,20.19,0,30,268.26
19,39.88,6.2379816,American,22.46,0,10,268.14
84,20.55,7.469251923,American,28.96,1,91,267.63
76,23.06,0.07634268249,American,22.56,0,72,264.10
41,48.26,15.01459014,American,36.53,0,92,263.80
79,32.93,16.02733832,American,42.70,1,99,262.78
58,24.43,13.63497288,American,47.81,1,74,262.24
49,29.13,7.952951592,American,13.58,0,89,261.67
68,35.80,4.508775109,American,49.10,1,58,261.23
10,48.45,14.79342601,American,13.24,0,21,260.87
33,44.44,15.60799552,American,46.89,0,45,258.31
35,32.51,6.808116867,American,44.22,1,32,256.81
80,29.29,17.82960031,American,16.98,0,67,256.69
75,14.71,12.68848291,American,37.60,1,26,253.79
73,20.60,3.172482891,American,44.69,1,16,253.01
48,48.43,6.421621942,American,20.04,0,38,252.74
36,20.23,9.565197684,American,31.89,1,25,251.22
60,31.06,1.189431377,American,44.96,1,93,250.43
37,47.78,6.2185786,American,35.00,1,24,247.31
72,15.03,3.031685857,American,27.15,1,22,246.75
72,19.81,5.086439624,American,19.82,1,62,246.13
68,32.78,3.216963479,American,47.74,1,42,245.17
57,10.01,4.522941032,American,11.71,0,80,244.55
80,11.75,0.04207686352,American,43.83,1,30,242.00
34,37.21,6.807414926,American,36.72,0,5,241.91
11,28.39,18.18780384,American,39.98,1,98,241.85
34,25.36,15.1496377,American,30.33,1,97,240.54
78,17.73,2.126874525,American,33.16,1,93,240.51
42,31.08,19.63597387,American,31.25,0,47,239.91
48,30.56,2.777426528,American,34.69,1,80,238.65
17,41.45,15.92481191,American,39.89,0,43,238.03
60,32.90,8.359798677,American,38.36,0,14,234.93
77,36.97,1.043972581,American,30.90,1,86,233.84
60,40.95,7.707517661,American,28.75,0,53,231.63
63,42.16,1.776804902,American,49.75,1,22,230.31
42,15.40,11.72958184,American,32.15,0,22,228.65
26,39.29,14.71011213,American,44.77,0,62,224.93
14,33.73,17.64517112,American,36.91,0,72,223.47
47,27.78,11.25423398,American,31.45,0,9,221.25
66,21.19,7.423232296,American,19.21,1,62,218.63
31,38.55,10.51009244,American,26.50,0,57,218.47
45,10.71,11.46698691,American,34.57,0,5,217.89
34,21.09,2.525075656,American,38.04,0,22,216.46
62,11.65,0.9899370699,American,39.12,0,89,215.99
41,26.21,14.91850418,American,11.33,0,53,215.07
25,41.55,15.18497466,American,27.23,0,0,212.94
17,48.48,1.860609729,American,17.97,1,8,211.39
37,33.83,16.4755618,American,19.47,1,92,210.38
33,35.56,19.49669306,American,31.40,1,14,206.86
78,27.29,4.310597376,American,43.18,0,96,205.16
52,32.07,2.118614251,American,17.09,0,15,203.38
32,43.24,16.61377021,American,19.56,1,17,202.21
45,18.65,10.40381047,American,35.33,1,56,197.33
71,25.69,1.370108133,American,46.69,0,18,196.40
29,30.85,0.7257524523,American,45.10,1,24,193.84
54,25.64,7.894687077,American,38.45,1,16,192.86
22,19.25,10.63825413,American,23.67,0,53,192.59
21,45.12,10.98644959,American,13.10,1,52,191.06
14,33.79,8.770769771,American,30.27,1,35,190.91
12,28.08,7.084724809,American,39.79,0,20,189.24
57,24.59,6.765262107,American,27.55,1,77,187.80
28,27.49,8.077957283,American,22.70,0,75,186.85
54,43.85,8.253506522,American,25.73,0,85,185.99
47,33.10,4.971605154,American,22.69,1,92,182.92
24,13.02,13.70596032,American,46.47,0,10,181.73
25,40.84,5.98887021,American,36.94,1,18,180.66
27,10.92,0.7114173407,American,38.28,1,76,178.57
54,43.44,1.687847611,American,18.06,1,7,178.14
10,25.96,15.18702052,American,37.80,1,88,178.12
25,31.75,15.1916482,American,18.28,0,38,174.66
54,30.73,8.952058806,American,28.01,1,36,173.02
30,21.77,5.046144997,American,17.67,1,64,171.75
43,10.21,8.710109088,American,22.06,0,74,171.40
33,28.74,19.45552646,American,29.39,0,97,167.10
35,27.71,10.52556921,American,37.19,0,64,166.45
70,21.93,11.18369614,American,34.53,1,38,162.43
33,44.06,7.354673016,American,26.73,1,35,162.18
27,12.06,12.3939888,American,25.95,1,22,158.05
14,31.38,6.40119665,American,29.43,0,24,157.50
46,23.98,5.168632406,American,36.31,1,60,156.91
18,40.88,1.528337189,American,41.63,1,83,155.95
60,32.66,0.7187734984,American,47.94,1,42,155.76
15,33.23,5.811751196,American,14.62,0,39,155.76
19,48.70,9.76749258,American,33.36,0,56,151.76
21,19.20,12.70178212,American,48.48,1,45,151.73
25,26.51,12.62341292,American,39.76,0,73,149.14
65,10.63,6.063881189,American,47.69,1,64,144.77
24,36.08,9.002467224,American,31.31,0,11,144.76
33,25.93,2.23871854,American,30.10,0,78,143.34
13,30.09,2.042990593,American,20.23,1,46,142.27
19,45.93,14.7240085,American,37.09,0,64,141.78
28,14.11,19.67680626,American,42.46,1,51,141.32
13,12.63,9.581401262,American,28.57,1,83,141.23
22,20.85,11.66533036,American,21.82,1,3,140.97
12,37.95,10.20219425,American,35.19,0,62,140.27
55,13.67,7.119467476,American,10.58,1,74,140.19
17,23.70,9.002488648,American,38.92,0,83,136.69
18,46.74,2.504671409,American,45.45,0,48,135.10
12,42.75,11.26577862,American,10.96,0,66,133.96
17,28.81,14.3685846,American,29.02,0,90,133.48
23,13.81,7.684792403,American,39.74,1,47,131.82
32,25.89,13.4290987,American,22.95,0,72,130.28
34,13.30,9.459426922,American,17.35,1,96,127.59
16,24.06,14.12038015,American,12.92,0,13,116.01
37,15.64,14.84696101,American,35.53,0,65,114.52
13,14.09,13.18071068,American,20.64,1,8,112.00
15,12.52,2.219550492,American,30.56,0,76,109.82
22,27.33,6.816313996,American,30.72,0,10,106.81
17,20.10,0.1342078061,American,26.09,1,85,105.21
17,12.20,9.889622626,American,17.40,1,42,99.80
18,22.58,18.45246116,American,13.25,1,77,89.22
63,11.95,2.596528979,American,30.69,0,18,83.06
20,30.87,10.90762242,American,29.52,0,33,82.19
43,36.19,0.6109891419,American,38.62,1,56,81.08
31,13.36,6.298391772,American,12.18,0,1,79.87
10,31.11,1.07716414,American,34.00,1,83,76.56
19,28.27,1.65430923,American,44.07,0,76,63.13
12,38.56,3.611891964,American,13.30,1,33,58.91
11,31.19,6.442160085,American,31.10,1,98,57.32
25,25.07,13.10564819,American,44.91,0,96,40.07
12,27.53,0.7596312658,American,23.56,0,66,35.49
20,47.31,4.837777671,American,25.82,0,42,33.87
10,33.09,6.009787712,American,15.33,1,31,-7.63
17,22.46,0.8747125176,American,35.28,1,57,-25.45
11,32.62,5.061168656,American,33.76,1,87,-28.98
83,41.82,19.99427608,Italian,39.63,0,61,539.37
89,47.18,15.86788029,Italian,23.17,1,33,503.33
74,49.73,17.05115564,Italian,24.77,0,33,491.81
95,47.26,2.448677967,Italian,40.37,1,86,480.75
95,45.50,11.1608465,Italian,44.85,0,99,472.45
83,42.90,19.43066085,Italian,43.58,1,34,464.22
96,21.88,10.89695518,Italian,48.10,1,75,460.83
99,46.15,15.96688376,Italian,18.40,1,23,459.07
92,47.65,18.14760329,Italian,33.31,0,21,454.69
97,19.93,18.40594362,Italian,12.18,0,16,449.02
91,13.48,14.46298973,Italian,21.61,1,38,442.05
94,32.54,15.09242443,Italian,22.43,0,47,439.98
79,31.59,14.74193101,Italian,30.56,1,84,437.08
99,12.69,13.90831297,Italian,28.50,1,19,436.78
98,38.88,13.52852725,Italian,20.60,1,55,429.57
67,28.62,3.825208358,Italian,45.06,0,2,424.01
95,27.70,3.780790495,Italian,12.31,0,85,421.33
80,29.23,6.444310069,Italian,24.96,1,78,419.89
84,46.31,14.48634939,Italian,28.92,1,1,417.16
84,40.36,7.424141878,Italian,11.51,1,82,413.00
69,31.30,13.73721995,Italian,26.52,0,57,412.93
76,30.90,2.899301448,Italian,12.46,1,97,406.36
77,13.65,5.705806767,Italian,29.89,0,57,402.91
72,48.06,8.869116728,Italian,44.55,0,23,395.17
99,40.80,16.84148875,Italian,47.24,1,69,393.03
99,35.28,14.39582907,Italian,25.72,0,5,386.30
80,43.07,9.909042069,Italian,43.26,0,87,385.94
85,32.84,5.379178917,Italian,29.29,1,30,383.55
93,11.37,19.44050513,Italian,43.89,1,58,381.77
81,34.72,17.98910425,Italian,15.48,1,72,379.97
81,44.43,18.56635066,Italian,30.94,0,81,376.76
59,17.38,16.43853272,Italian,11.88,0,33,375.33
54,41.04,18.20269274,Italian,16.79,1,37,373.82
87,10.74,17.32773029,Italian,34.97,0,59,371.73
82,17.42,14.75131498,Italian,18.28,0,45,371.61
67,34.49,10.63198929,Italian,21.52,0,92,370.33
82,22.08,2.903930258,Italian,45.62,1,70,367.81
87,46.24,2.258632854,Italian,12.29,1,87,366.22
98,31.59,13.17384292,Italian,23.10,1,53,362.52
99,38.20,0.9968405557,Italian,38.44,0,98,356.14
61,42.98,12.45039391,Italian,23.14,1,57,353.16
56,42.75,0.8601390373,Italian,44.00,0,97,348.70
70,43.01,4.416052596,Italian,18.98,1,59,348.19
74,48.92,9.48012857,Italian,49.08,0,30,348.03
88,22.49,0.6733835643,Italian,12.97,0,70,346.46
41,41.99,18.74182057,Italian,13.17,1,74,345.38
68,16.67,3.977125556,Italian,14.19,1,66,345.26
46,36.06,18.21353159,Italian,14.76,1,48,344.61
99,31.73,12.52352343,Italian,22.38,0,92,341.80
99,40.13,1.837417754,Italian,13.90,0,90,341.03
65,18.25,8.322428561,Italian,44.79,1,24,340.04
66,35.19,17.93915861,Italian,35.14,1,25,339.09
21,47.77,16.52078103,Italian,11.07,0,45,336.40
84,19.48,7.859484507,Italian,39.85,0,34,336.14
90,18.01,17.54478914,Italian,47.55,1,79,333.58
84,23.67,0.05762503331,Italian,22.92,0,23,333.07
44,49.97,15.43715452,Italian,44.35,1,91,330.71
89,32.23,1.728492215,Italian,23.04,1,77,330.39
68,24.15,12.75106529,Italian,21.07,1,14,328.66
44,26.94,17.78781832,Italian,38.60,0,75,328.28
94,23.29,1.652353269,Italian,46.13,0,17,327.15
75,34.92,0.6676720357,Italian,47.05,0,52,326.84
95,25.14,2.598598491,Italian,45.83,1,54,326.68
62,42.60,12.72981302,Italian,16.86,1,63,325.54
59,15.56,19.76550542,Italian,34.19,0,45,325.10
69,45.78,16.45916892,Italian,12.89,1,81,325.07
56,43.60,7.207556399,Italian,17.61,1,5,324.99
82,32.33,2.105183704,Italian,20.10,1,8,321.37
92,23.16,5.934552822,Italian,28.30,1,13,316.40
72,27.85,11.60443038,Italian,49.82,1,4,313.49
65,26.91,11.29258102,Italian,15.74,0,83,312.02
59,16.19,9.234656272,Italian,19.27,0,10,310.21
57,22.40,19.84830801,Italian,41.80,0,17,306.33
58,34.10,6.641987308,Italian,38.66,1,37,306.18
28,34.42,19.5929343,Italian,32.83,1,3,304.48
68,38.98,4.693068836,Italian,34.41,0,83,304.36
71,25.82,15.77604528,Italian,39.55,0,89,304.25
39,28.58,18.9621664,Italian,38.17,1,38,302.77
72,29.07,2.352879763,Italian,36.31,0,94,302.70
70,26.96,3.046591789,Italian,33.51,0,57,300.21
93,19.09,15.41561237,Italian,43.50,1,77,298.47
75,31.94,6.048949566,Italian,44.27,1,38,297.08
66,21.87,0.6892251885,Italian,47.36,1,5,297.06
75,11.77,6.91840895,Italian,20.68,1,68,296.32
95,20.36,11.0502723,Italian,26.06,0,27,294.59
78,13.54,8.283004487,Italian,10.35,0,19,292.78
97,31.59,7.741575207,Italian,15.22,1,44,292.75
35,31.29,12.13754683,Italian,13.97,0,61,292.11
51,23.78,18.74706588,Italian,19.69,1,49,291.31
57,41.81,15.75426031,Italian,15.48,1,71,288.53
78,24.59,6.83607411,Italian,24.35,1,10,286.84
90,19.84,0.06335697161,Italian,18.83,1,70,285.83
79,31.70,5.133884566,Italian,49.25,0,42,284.91
90,18.72,2.082747158,Italian,15.29,1,24,284.75
42,22.55,14.18765934,Italian,26.70,0,57,283.68
46,29.17,5.163465084,Italian,17.18,1,71,282.76
60,31.06,3.013522154,Italian,12.15,0,60,282.19
96,34.52,7.935936942,Italian,40.00,1,23,281.96
36,35.72,16.65360939,Italian,35.44,0,96,281.14
51,42.21,17.62901559,Italian,42.13,1,40,280.44
30,25.30,17.51022453,Italian,38.28,1,88,279.22
26,29.38,17.59725355,Italian,38.99,0,27,278.70
87,21.76,11.15626451,Italian,42.50,0,98,278.70
56,23.14,18.98224286,Italian,41.90,1,71,274.94
52,46.38,0.9224712867,Italian,27.15,1,91,274.18
25,12.90,4.777133208,Italian,14.96,0,92,273.87
97,33.53,8.095968582,Italian,37.97,0,98,272.79
71,49.41,0.5814276069,Italian,23.04,0,95,270.51
56,30.64,6.736810037,Italian,24.42,1,24,270.07
33,35.32,7.428440037,Italian,28.72,0,30,269.24
51,20.11,19.94156314,Italian,28.85,1,60,267.73
41,28.69,17.442714,Italian,45.14,0,43,267.47
35,39.28,14.20220113,Italian,20.51,0,82,265.85
96,39.83,1.289825425,Italian,44.28,1,51,263.97
67,11.42,19.76831979,Italian,33.46,0,10,263.46
10,35.52,12.64179659,Italian,49.47,1,18,261.67
65,26.10,14.46809531,Italian,44.54,1,90,258.34
51,45.15,1.292333597,Italian,15.14,0,96,255.78
58,39.41,14.50371096,Italian,38.51,1,6,255.12
64,15.60,10.40593154,Italian,25.87,1,52,254.16
53,13.54,17.23973817,Italian,27.60,0,87,251.33
65,29.20,2.60095565,Italian,26.12,0,49,250.53
48,26.74,11.92643038,Italian,25.32,1,37,249.84
64,18.18,17.29320784,Italian,21.02,1,56,249.76
22,40.28,4.683688936,Italian,17.71,0,55,249.75
52,26.06,1.86815944,Italian,37.98,0,3,249.26
42,36.01,3.823814029,Italian,24.53,1,85,249.14
34,42.93,6.835648095,Italian,14.99,1,30,247.32
36,36.47,10.90211057,Italian,36.96,1,80,246.59
26,34.02,16.3351386,Italian,36.14,1,48,246.47
39,27.07,8.079557527,Italian,38.72,1,93,244.65
63,33.72,14.92414515,Italian,21.74,1,43,242.11
30,19.38,16.7709843,Italian,25.97,0,33,239.55
84,45.04,1.5276989,Italian,44.65,1,59,239.08
44,10.71,8.710152509,Italian,22.13,1,75,238.62
26,49.57,7.438653358,Italian,20.44,0,7,238.47
36,24.52,16.83940743,Italian,49.25,0,46,238.01
10,37.33,12.04291288,Italian,12.25,0,25,236.45
43,24.98,9.238938733,Italian,45.44,0,14,233.32
49,12.99,16.59526241,Italian,41.11,1,17,229.95
43,16.37,10.62633041,Italian,47.47,0,76,229.58
82,32.29,5.47582615,Italian,10.27,1,76,229.26
10,46.35,16.12391762,Italian,45.61,1,75,228.94
24,40.90,8.028912618,Italian,18.53,1,90,228.86
46,23.81,2.494281138,Italian,26.09,0,13,227.95
26,27.35,17.25761006,Italian,28.27,0,84,227.77
25,33.54,0.2461940603,Italian,44.04,0,95,227.62
41,10.04,2.549079188,Italian,14.51,1,45,226.69
60,31.83,10.44888291,Italian,24.39,0,11,223.78
34,41.72,10.59983046,Italian,32.59,0,63,223.23
22,44.58,19.76131133,Italian,31.76,0,78,222.72
34,37.73,0.9300117288,Italian,45.46,0,49,221.86
71,17.45,1.37425665,Italian,15.51,1,81,221.39
24,40.02,4.577892097,Italian,17.95,0,36,221.32
25,10.04,16.87474653,Italian,14.60,1,53,220.37
17,49.82,17.33095963,Italian,19.59,0,83,219.58
38,31.21,15.78321693,Italian,43.68,0,9,219.19
27,34.16,2.662900084,Italian,21.83,0,56,218.41
71,14.23,1.743589357,Italian,38.59,0,32,218.40
63,18.82,1.845695841,Italian,27.00,0,70,216.60
33,16.37,9.51935462,Italian,32.01,0,89,213.33
41,40.10,14.21769433,Italian,36.55,0,99,211.37
13,25.36,8.572610939,Italian,14.75,0,69,210.81
45,12.77,17.03682474,Italian,12.56,1,59,208.74
28,30.85,13.03335837,Italian,43.96,1,26,208.42
13,22.72,14.61636057,Italian,19.22,0,61,208.29
49,27.85,11.43618327,Italian,11.30,0,32,207.84
22,33.90,13.50840415,Italian,22.64,1,14,205.72
61,17.28,3.626385599,Italian,23.99,1,13,205.35
17,38.60,6.608160078,Italian,38.03,1,8,204.36
38,36.01,13.41886009,Italian,23.49,0,22,204.02
69,29.82,0.8526641857,Italian,32.95,1,0,203.96
20,43.66,17.0545604,Italian,39.31,0,65,202.23
32,19.02,13.88900912,Italian,39.59,1,9,201.42
17,31.54,13.67508211,Italian,22.59,0,28,201.32
18,20.28,19.98932496,Italian,20.50,1,45,200.79
35,39.77,19.51981699,Italian,46.47,1,59,199.99
22,48.29,6.246982038,Italian,29.11,1,71,198.89
48,42.86,17.08271995,Italian,15.45,1,61,196.07
26,27.23,4.414909769,Italian,36.03,0,62,195.26
20,26.18,14.6723166,Italian,44.13,0,86,193.01
18,17.57,8.402374557,Italian,27.75,0,82,192.90
39,37.44,16.70960473,Italian,35.38,0,33,188.76
21,45.27,18.10719749,Italian,21.29,1,29,185.68
30,17.46,3.475051913,Italian,12.77,1,30,185.01
37,24.27,2.025198292,Italian,24.92,1,75,184.60
36,44.38,0.1133162906,Italian,40.63,1,56,182.89
45,17.84,1.875138413,Italian,27.82,1,11,174.60
15,20.21,16.53629948,Italian,18.14,1,29,171.94
18,11.63,18.58853389,Italian,11.99,0,32,170.06
43,24.52,11.29968715,Italian,11.16,0,38,166.25
31,23.31,6.470007898,Italian,19.70,0,25,165.88
27,33.56,0.3589135714,Italian,33.69,1,70,164.72
11,34.03,7.814567312,Italian,48.03,1,91,163.93
22,30.22,11.54345567,Italian,13.37,0,34,160.48
28,17.42,16.93837456,Italian,44.59,0,31,159.69
59,11.88,7.133419483,Italian,43.17,0,48,158.63
31,31.06,0.4899689654,Italian,34.38,0,80,158.34
48,24.68,5.430940948,Italian,13.88,1,25,157.93
49,11.25,1.366818711,Italian,36.67,1,36,156.08
16,28.36,3.273676029,Italian,25.93,0,55,154.87
30,14.49,6.122746818,Italian,32.74,1,20,146.65
14,25.03,9.335641545,Italian,20.26,0,46,146.19
29,15.65,11.58350511,Italian,26.20,0,74,145.57
13,10.80,2.592013024,Italian,19.77,0,65,145.10
10,13.04,15.60426127,Italian,46.71,0,10,142.67
39,11.50,9.20324529,Italian,29.31,1,23,139.52
16,14.12,12.28162622,Italian,22.64,0,4,138.20
11,26.87,14.05886882,Italian,33.31,1,31,136.88
47,10.01,3.634783814,Italian,27.78,1,57,133.57
35,19.41,0.4405384245,Italian,25.69,0,56,133.50
24,26.58,1.385086126,Italian,34.81,0,81,128.44
35,14.81,1.880722089,Italian,30.15,1,96,122.30
46,10.21,2.626988163,Italian,20.98,1,52,120.23
38,14.92,19.54904236,Italian,48.08,0,79,119.74
28,16.97,8.084794593,Italian,47.75,0,61,116.90
12,29.76,13.03421296,Italian,14.87,0,75,116.79
11,30.24,15.24618064,Italian,38.61,0,71,114.09
34,33.39,6.264125221,Italian,22.07,1,77,113.25
41,19.43,7.987374968,Italian,20.61,0,37,111.17
10,22.90,13.33733321,Italian,25.24,1,73,107.75
16,18.15,16.76304367,Italian,30.63,0,20,104.63
36,40.61,10.79112441,Italian,44.85,0,73,101.74
13,38.71,1.796243086,Italian,24.08,0,92,97.19
12,13.61,13.71822542,Italian,36.43,0,36,96.38
32,30.92,14.6610238,Italian,10.29,1,96,86.55
11,24.21,2.676074726,Italian,46.48,1,19,60.37
37,15.83,18.93288868,Italian,22.65,0,7,59.59
18,35.01,5.691246035,Italian,45.74,1,12,45.38
12,11.18,3.086431306,Italian,19.25,1,75,27.35
21,19.39,10.51625198,Italian,42.08,0,97,27.11
10,11.31,2.279132694,Italian,16.08,1,24,-27.61
96,16.62,16.61068913,Japanese,12.28,0,23,563.38
95,45.40,19.34712356,Japanese,39.50,0,99,522.77
86,45.90,9.767882601,Japanese,23.13,1,89,489.95
97,42.55,16.13178685,Japanese,14.45,0,6,485.54
76,38.62,15.08215361,Japanese,27.82,1,27,484.95
84,39.49,13.52216463,Japanese,28.00,1,78,466.09
70,31.73,10.0430722,Japanese,24.01,1,32,461.96
78,49.15,3.543418505,Japanese,46.74,0,58,460.20
90,34.60,17.64918881,Japanese,10.58,0,38,459.31
97,41.99,17.5853732,Japanese,15.73,1,31,448.38
89,39.66,7.428171353,Japanese,12.44,0,50,442.85
85,40.15,8.166126855,Japanese,21.97,0,26,437.73
88,44.93,14.60992722,Japanese,42.87,1,11,436.28
83,45.35,10.23362773,Japanese,16.42,0,53,429.64
81,30.19,11.97384805,Japanese,36.15,0,90,426.68
88,30.02,17.88905114,Japanese,40.28,0,20,422.71
78,25.34,16.04708658,Japanese,33.34,1,53,417.23
82,25.15,7.847874431,Japanese,42.34,0,21,415.50
62,44.58,10.89655315,Japanese,35.15,1,44,410.94
76,17.61,18.61774744,Japanese,42.69,0,88,410.65
63,44.76,13.61511786,Japanese,33.41,0,82,408.59
98,16.47,14.35144249,Japanese,14.57,1,53,405.95
99,40.83,4.655262942,Japanese,39.00,1,39,405.48
72,39.29,9.945118606,Japanese,34.24,0,64,402.76
71,14.91,16.96095582,Japanese,42.82,0,83,399.70
40,29.73,13.30584204,Japanese,28.65,1,88,399.65
95,44.41,6.263239896,Japanese,32.08,1,6,399.27
96,33.95,7.401046693,Japanese,23.83,0,5,398.27
99,16.95,18.07215689,Japanese,22.49,0,32,394.68
99,47.20,2.258864168,Japanese,33.26,0,77,394.44
71,43.01,14.39307633,Japanese,14.78,1,47,390.24
81,43.00,15.12529316,Japanese,41.72,1,97,385.05
60,41.74,17.68848551,Japanese,17.55,1,74,384.99
96,37.65,11.98737931,Japanese,18.86,1,36,384.77
94,24.31,9.39487526,Japanese,29.49,1,92,380.21
84,34.69,6.668146443,Japanese,42.82,1,79,378.52
93,22.96,12.29956481,Japanese,44.39,1,91,374.69
53,28.63,8.977061433,Japanese,21.60,1,18,373.81
88,14.36,9.529667676,Japanese,11.22,1,80,373.30
73,12.80,13.28375829,Japanese,29.06,0,5,372.36
88,23.85,3.72046,Japanese,16.43,1,62,372.05
61,49.16,8.268328986,Japanese,19.25,1,79,371.71
98,19.15,14.76138247,Japanese,18.05,0,1,371.68
68,47.59,15.47077783,Japanese,35.10,1,6,369.82
67,27.26,12.37896386,Japanese,46.32,1,31,368.33
83,12.76,19.83176818,Japanese,42.64,1,35,367.65
64,36.80,10.57156219,Japanese,28.27,0,11,367.41
61,43.89,12.04233971,Japanese,49.87,1,54,367.17
99,36.05,10.17158579,Japanese,36.50,1,59,363.24
79,10.05,16.88497405,Japanese,17.28,1,91,362.81
60,10.36,19.83485234,Japanese,13.48,1,73,361.55
46,32.92,13.76088888,Japanese,21.13,0,75,359.12
79,48.97,5.568788165,Japanese,44.90,0,96,358.90
81,21.55,2.647447581,Japanese,48.16,1,53,356.13
94,23.71,1.764034076,Japanese,42.52,1,70,353.73
75,38.99,14.59720618,Japanese,22.98,1,11,351.02
61,43.12,12.66379252,Japanese,36.24,0,45,350.91
69,32.58,4.46526771,Japanese,27.29,1,41,346.81
85,32.43,6.173974867,Japanese,49.10,0,66,346.27
70,26.21,16.1604526,Japanese,13.83,0,52,345.39
93,45.87,14.68059525,Japanese,34.60,1,67,344.20
91,17.20,18.5127466,Japanese,22.72,1,7,343.72
60,23.94,6.516462351,Japanese,19.70,1,9,343.53
95,36.28,2.633868769,Japanese,37.85,0,0,339.62
43,13.62,18.13885618,Japanese,14.73,1,16,337.53
36,39.32,19.60217985,Japanese,46.95,1,88,336.29
66,37.73,10.74014977,Japanese,21.19,0,54,334.14
88,23.37,2.158874293,Japanese,20.95,1,84,333.82
42,48.53,2.40494453,Japanese,37.23,1,53,330.30
78,31.37,9.392835494,Japanese,14.86,0,74,329.69
81,41.98,4.652910771,Japanese,22.60,1,91,326.53
74,22.69,1.154821037,Japanese,21.29,0,63,326.47
43,34.78,10.96764072,Japanese,17.31,0,51,323.61
71,40.74,18.87964611,Japanese,47.03,1,85,323.45
83,18.14,10.99167313,Japanese,38.76,1,95,323.30
84,29.38,11.36185025,Japanese,10.50,0,10,320.98
73,41.27,10.6217069,Japanese,37.83,1,69,319.67
94,16.66,1.181877802,Japanese,43.32,1,68,317.93
71,44.66,2.959682947,Japanese,21.57,0,46,317.79
76,15.25,8.996844159,Japanese,31.43,0,37,315.43
42,44.11,15.16850036,Japanese,40.18,0,56,314.17
64,23.36,10.50869825,Japanese,14.46,1,27,314.11
87,21.52,9.012393135,Japanese,33.16,0,76,313.56
69,17.11,4.141898364,Japanese,44.65,0,55,312.21
98,15.98,3.411638231,Japanese,43.46,0,35,311.22
73,40.27,0.6223119983,Japanese,30.08,0,39,310.27
77,14.26,16.50261335,Japanese,12.53,1,29,308.97
69,33.93,18.07826661,Japanese,19.38,1,8,308.51
93,46.13,3.127636088,Japanese,21.18,1,59,308.14
64,13.72,12.68679479,Japanese,15.26,1,21,305.95
28,31.30,13.64387761,Japanese,35.64,0,83,304.95
66,25.87,0.5484061995,Japanese,11.41,1,42,304.03
47,46.57,11.82813519,Japanese,27.07,0,24,303.22
67,20.92,17.13747872,Japanese,48.71,0,66,300.91
29,47.97,3.305882219,Japanese,29.15,0,85,300.86
67,23.16,9.707179663,Japanese,31.04,0,66,300.60
70,49.61,12.25800322,Japanese,40.44,0,29,300.35
33,14.98,11.20364517,Japanese,26.45,0,34,300.03
71,34.13,3.879077345,Japanese,33.91,1,87,299.63
15,45.32,19.4691478,Japanese,39.01,1,44,299.35
70,21.81,16.18366342,Japanese,10.78,1,67,297.53
72,20.35,14.7858947,Japanese,33.33,1,92,297.45
85,21.89,17.5851023,Japanese,19.30,0,30,296.14
45,46.47,4.404506028,Japanese,32.22,0,19,296.06
97,12.85,15.25192789,Japanese,17.03,0,99,295.26
69,31.27,15.80675472,Japanese,37.76,0,37,294.34
56,33.18,11.80571086,Japanese,40.07,1,38,293.41
61,49.61,7.590058067,Japanese,39.79,0,86,293.19
35,36.02,11.9824117,Japanese,33.09,0,84,293.15
14,49.66,4.195058954,Japanese,33.03,0,40,292.30
36,39.51,19.61033644,Japanese,43.77,1,95,291.81
74,44.72,4.368863658,Japanese,34.73,0,7,291.45
27,33.20,8.882554263,Japanese,17.48,1,53,291.44
32,37.96,14.38154895,Japanese,19.61,1,9,291.09
76,26.64,14.99701529,Japanese,14.02,1,36,289.02
71,11.78,14.79460664,Japanese,32.58,0,19,288.90
48,40.84,17.97694776,Japanese,49.43,1,16,287.56
55,29.19,14.98567425,Japanese,18.49,0,33,286.28
46,20.87,15.7394027,Japanese,43.46,0,46,286.20
47,21.35,16.40025258,Japanese,30.69,0,15,286.01
37,45.07,10.85091607,Japanese,21.34,1,27,285.25
71,35.33,7.505198089,Japanese,18.71,0,60,284.21
45,44.77,11.66514985,Japanese,27.90,1,36,283.34
44,38.98,11.97616593,Japanese,39.53,1,46,282.54
59,17.67,12.83719918,Japanese,13.66,0,38,281.83
63,46.41,13.19258733,Japanese,17.77,0,84,281.48
16,28.21,19.59101681,Japanese,27.13,0,94,281.08
69,41.51,0.2085539879,Japanese,30.49,0,15,279.76
42,49.69,19.82526453,Japanese,21.38,0,19,279.40
41,38.81,4.196839897,Japanese,26.63,1,82,278.90
26,44.73,6.2812159,Japanese,25.89,0,73,278.42
30,31.46,17.19130463,Japanese,35.08,0,97,277.28
48,20.80,18.59233846,Japanese,21.26,0,89,277.19
63,47.03,9.169328491,Japanese,10.67,0,18,276.19
42,38.34,13.01537095,Japanese,41.65,0,7,275.21
73,37.66,3.046555713,Japanese,27.77,0,23,272.48
58,16.50,9.55756896,Japanese,49.90,0,60,271.88
62,19.77,4.700744296,Japanese,26.21,1,83,271.82
51,20.89,19.30259484,Japanese,44.13,1,15,271.47
59,14.09,13.9863075,Japanese,25.22,0,21,270.54
42,17.70,17.64271229,Japanese,12.75,1,57,269.08
60,15.73,2.543995254,Japanese,35.68,1,24,268.88
84,26.52,7.747851713,Japanese,16.58,0,43,267.61
23,29.88,5.386625966,Japanese,47.05,0,73,266.48
52,40.91,10.65351774,Japanese,21.99,0,48,264.91
91,35.70,7.245361742,Japanese,21.80,0,48,264.38
16,42.03,3.916816252,Japanese,40.72,0,46,264.06
71,13.09,19.41499915,Japanese,10.76,0,62,262.57
71,40.10,9.9866767,Japanese,24.47,0,18,262.17
68,26.38,0.8458349845,Japanese,19.44,1,15,260.48
64,46.26,5.929795626,Japanese,13.48,1,77,259.57
42,43.04,12.42688995,Japanese,25.83,1,7,258.66
59,16.74,18.37469421,Japanese,47.56,0,0,256.39
86,17.78,12.88940554,Japanese,13.01,0,38,256.16
28,17.41,14.00068546,Japanese,26.58,1,28,255.99
56,19.21,4.292561465,Japanese,14.61,0,72,255.54
73,10.59,8.824474273,Japanese,38.69,1,70,255.13
71,19.75,5.379360632,Japanese,36.40,0,73,254.72
94,10.13,6.795549431,Japanese,30.15,0,17,254.64
85,27.95,0.8955690101,Japanese,38.77,0,81,254.48
60,31.69,9.119585515,Japanese,37.56,0,36,253.19
41,33.80,17.54276883,Japanese,37.31,1,20,252.69
39,27.55,19.27644551,Japanese,27.62,0,84,252.58
87,19.44,10.99232087,Japanese,22.79,1,73,251.21
73,41.31,12.1229313,Japanese,19.03,1,40,249.31
57,43.51,8.821443165,Japanese,44.12,1,90,249.14
35,35.12,19.49183623,Japanese,41.17,1,56,249.01
23,16.15,15.6403067,Japanese,10.31,1,69,247.20
37,12.34,17.33866937,Japanese,20.35,0,17,246.31
62,23.45,19.56123636,Japanese,42.12,1,85,245.66
71,38.16,0.2206322852,Japanese,26.07,1,54,243.03
37,49.02,7.773055973,Japanese,35.44,0,52,241.24
32,49.37,3.296493507,Japanese,39.92,1,61,240.00
42,22.03,13.51695493,Japanese,30.51,1,7,239.07
47,46.22,14.41310291,Japanese,39.95,0,30,238.53
33,11.47,5.528833812,Japanese,34.81,1,29,237.94
28,27.49,19.00625506,Japanese,20.38,0,1,237.58
31,31.21,3.660308885,Japanese,31.48,1,11,235.42
32,34.13,2.39907386,Japanese,31.37,1,81,235.31
45,34.29,1.29373787,Japanese,37.22,0,66,233.36
82,14.88,2.630365338,Japanese,10.30,1,69,232.86
21,33.74,13.95512552,Japanese,30.39,0,7,227.77
65,38.62,5.120951302,Japanese,26.07,0,72,226.02
38,20.16,3.031387432,Japanese,10.21,0,39,224.62
11,37.03,12.74181674,Japanese,47.51,0,96,223.47
25,18.03,11.81734883,Japanese,26.32,0,6,222.88
35,32.98,15.0804607,Japanese,11.92,0,92,222.04
38,25.77,5.968698247,Japanese,12.49,1,70,221.98
43,17.38,9.920956774,Japanese,42.48,0,61,221.96
23,26.36,16.17766923,Japanese,17.25,0,52,220.84
32,34.93,9.618120015,Japanese,38.22,0,17,219.05
59,34.22,11.91977684,Japanese,16.19,1,55,216.99
44,34.66,4.370196687,Japanese,44.24,0,88,216.18
18,14.12,14.55894353,Japanese,41.40,0,87,209.83
47,48.29,1.997336423,Japanese,49.46,1,87,206.72
25,33.24,4.013020348,Japanese,28.01,1,74,205.67
90,11.36,3.132768739,Japanese,27.13,1,80,204.72
26,33.77,17.1425912,Japanese,30.37,1,98,204.51
32,33.54,1.883038203,Japanese,41.73,0,81,202.24
67,25.35,10.64985399,Japanese,37.41,0,79,201.35
42,21.98,0.2542977997,Japanese,43.01,1,32,200.68
23,29.65,17.94372682,Japanese,46.96,1,38,197.82
44,41.22,2.216159244,Japanese,39.04,0,13,196.32
27,47.41,5.556441456,Japanese,15.47,0,16,194.50
29,40.71,17.76078129,Japanese,23.85,1,51,193.31
33,28.48,10.50479515,Japanese,44.06,0,7,190.61
18,40.17,13.26014692,Japanese,35.78,0,35,188.84
24,28.54,11.96225259,Japanese,36.86,0,77,185.74
21,39.97,5.431375295,Japanese,14.06,1,34,182.50
17,20.41,12.26946277,Japanese,43.04,0,39,181.20
24,32.93,5.317022733,Japanese,11.24,1,4,178.30
34,12.80,11.86971526,Japanese,20.87,0,85,177.75
15,18.99,4.177281414,Japanese,42.34,0,63,175.85
19,25.90,9.757023944,Japanese,30.21,0,36,173.07
14,10.70,7.407939726,Japanese,34.85,0,74,169.06
29,39.80,12.48850893,Japanese,31.50,1,80,165.63
28,16.29,16.3851021,Japanese,42.49,0,67,165.25
12,34.99,15.1735278,Japanese,22.31,1,69,162.68
38,21.33,6.807601853,Japanese,20.47,1,71,162.10
71,16.43,1.644141274,Japanese,41.56,1,24,157.70
10,45.06,16.79927961,Japanese,37.07,0,69,157.59
15,24.37,13.89764747,Japanese,43.93,0,16,156.64
61,17.14,4.385479238,Japanese,12.56,0,29,155.12
15,25.20,17.44096677,Japanese,48.93,0,12,154.85
59,15.57,0.6284364302,Japanese,47.51,1,5,152.44
37,32.27,16.23504434,Japanese,21.58,0,16,152.33
32,44.68,14.86847572,Japanese,22.24,1,15,151.86
14,29.07,12.80396623,Japanese,16.34,0,96,151.68
49,41.35,0.8970713605,Japanese,44.09,0,94,149.91
66,15.14,1.541560239,Japanese,37.66,0,54,145.67
16,23.64,5.799402379,Japanese,41.53,1,51,145.56
36,45.37,5.648617974,Japanese,17.44,1,81,144.51
62,14.38,0.587283182,Japanese,26.49,0,47,141.54
23,14.17,18.84630779,Japanese,39.44,0,68,140.85
21,23.04,9.288664725,Japanese,15.62,0,48,139.52
23,14.61,7.868956931,Japanese,49.68,0,17,131.17
10,28.92,16.84461493,Japanese,39.20,1,60,130.31
21,31.40,13.51964551,Japanese,46.86,0,22,130.03
13,26.00,0.0463509581,Japanese,38.22,0,61,129.91
23,25.22,9.838622002,Japanese,30.58,1,42,129.10
18,12.60,7.94762781,Japanese,39.39,0,71,126.60
23,27.83,9.263454335,Japanese,32.81,1,76,124.35
33,36.86,9.508132157,Japanese,25.55,0,81,124.09
15,19.56,11.04138729,Japanese,16.92,1,93,123.73
15,48.47,7.546273228,Japanese,23.52,1,80,115.97
13,25.24,17.17913371,Japanese,45.56,1,66,114.90
19,37.04,4.534607658,Japanese,27.84,1,34,111.17
19,12.32,0.003767991132,Japanese,23.57,1,41,110.87
31,29.00,5.084627675,Japanese,13.18,0,2,109.68
25,30.61,7.262014733,Japanese,37.86,1,91,109.22
10,33.78,8.255222585,Japanese,25.50,1,52,106.56
14,25.89,2.51448538,Japanese,40.55,0,48,101.80
20,16.62,12.32999454,Japanese,48.61,1,56,98.59
38,14.57,5.214265998,Japanese,47.27,0,89,98.06
14,18.51,7.519857799,Japanese,18.26,1,29,83.56
13,14.03,8.865461749,Japanese,25.50,0,95,76.65
14,24.97,10.14892732,Japanese,11.88,1,9,72.07
22,14.87,0.8331363677,Japanese,45.11,1,78,66.31
29,33.89,11.15640384,Japanese,31.24,0,97,50.92
11,22.83,14.60492294,Japanese,15.53,0,32,49.24
10,16.48,1.122722068,Japanese,40.11,0,27,46.68
18,10.73,8.139438193,Japanese,12.29,0,86,34.49
99,44.72,17.54523526,Mexican,29.69,0,92,518.33
74,39.77,19.08066255,Mexican,41.32,1,24,479.82
95,35.00,12.72141527,Mexican,11.02,0,16,476.46
82,36.68,14.69155846,Mexican,29.57,0,86,470.95
93,48.99,12.79211122,Mexican,22.25,1,77,466.16
99,29.24,15.06374672,Mexican,31.84,1,67,461.19
89,24.91,16.33446405,Mexican,16.88,1,89,459.08
98,48.21,7.538283295,Mexican,38.91,0,28,458.73
75,47.70,17.39526353,Mexican,14.26,0,77,454.47
98,41.87,13.1765014,Mexican,23.03,1,12,449.07
85,47.89,16.33364351,Mexican,12.79,0,1,447.23
95,35.52,15.19222857,Mexican,28.89,0,96,446.22
79,48.35,9.923327682,Mexican,11.84,1,30,443.99
99,10.92,16.4661886,Mexican,29.84,1,73,442.92
98,15.31,0.6187528946,Mexican,35.14,1,45,434.86
69,29.45,18.85662283,Mexican,16.58,0,2,433.91
99,10.49,5.587354279,Mexican,25.39,1,30,433.18
79,29.90,19.63938381,Mexican,14.88,0,85,432.03
87,43.07,15.64776659,Mexican,33.72,0,62,430.48
97,33.88,11.09314696,Mexican,35.01,1,10,429.95
96,15.67,9.078936962,Mexican,23.89,0,9,425.36
69,33.96,16.50264392,Mexican,12.70,1,71,424.50
91,31.59,15.6516388,Mexican,42.89,1,74,424.04
68,42.87,18.60341931,Mexican,17.42,0,28,420.84
86,34.20,9.228910238,Mexican,46.97,1,69,418.66
70,15.84,9.457942656,Mexican,41.68,1,76,412.93
99,43.27,15.66033275,Mexican,43.80,0,24,412.83
97,33.48,9.486722198,Mexican,16.05,1,32,412.58
51,42.63,5.606689216,Mexican,32.48,1,76,405.19
95,15.74,19.41484307,Mexican,18.61,0,55,404.60
92,46.75,3.010429833,Mexican,31.70,1,58,403.84
72,33.11,10.41536284,Mexican,17.30,0,22,401.99
77,39.24,2.559764171,Mexican,46.17,0,20,398.57
51,36.82,16.66634143,Mexican,42.53,0,72,395.54
85,32.39,13.63338965,Mexican,29.97,0,1,391.66
84,28.15,5.35553351,Mexican,14.33,1,68,390.93
93,19.30,9.09837779,Mexican,20.85,0,50,389.54
53,28.73,10.88033158,Mexican,35.66,0,53,389.10
61,35.40,18.72642308,Mexican,38.22,1,20,388.73
66,42.27,17.59632972,Mexican,13.28,1,26,384.99
98,43.93,10.48318341,Mexican,17.78,0,2,383.52
62,34.32,15.64969849,Mexican,26.65,1,89,380.14
39,15.96,19.92245899,Mexican,39.08,1,92,377.77
93,33.71,9.339359999,Mexican,13.62,1,35,377.55
85,49.85,3.377084134,Mexican,42.81,1,61,374.16
54,44.54,19.19653036,Mexican,42.15,1,28,371.94
69,25.17,15.83440519,Mexican,35.02,1,9,367.56
70,32.25,5.079497491,Mexican,10.15,0,5,364.17
55,25.67,18.93275908,Mexican,36.19,1,85,364.03
39,40.37,14.51432926,Mexican,29.02,0,35,363.58
63,46.02,9.731953245,Mexican,46.46,1,17,363.42
51,33.22,18.85967634,Mexican,30.55,0,55,361.54
71,43.23,10.04100427,Mexican,47.35,1,25,359.90
50,31.34,16.94278979,Mexican,18.36,0,91,359.70
83,41.34,16.36413337,Mexican,25.51,1,30,358.28
60,43.60,12.56476221,Mexican,42.22,0,34,357.71
58,20.17,19.89715946,Mexican,27.81,1,43,351.27
86,17.53,10.64515062,Mexican,11.30,1,2,350.94
76,38.86,11.3109993,Mexican,25.06,1,14,350.31
95,42.75,1.453417432,Mexican,29.50,0,97,346.92
42,22.93,7.496071356,Mexican,14.83,1,32,345.77
62,33.94,18.6063777,Mexican,27.44,0,68,345.17
53,24.51,12.8673036,Mexican,38.23,0,70,344.38
56,38.28,5.32038556,Mexican,15.02,1,11,343.67
55,35.86,2.018824,Mexican,41.41,0,65,342.90
38,48.58,5.67656894,Mexican,10.88,0,33,341.97
32,22.70,18.12131771,Mexican,12.76,0,49,340.71
87,23.84,0.7953192998,Mexican,38.47,0,79,338.79
95,36.86,4.222249423,Mexican,22.97,0,28,337.78
41,39.91,7.273862495,Mexican,34.77,0,3,336.22
64,33.61,2.750475496,Mexican,21.46,0,88,335.91
36,38.22,16.83446723,Mexican,47.77,0,19,333.62
58,33.93,17.37103013,Mexican,24.24,0,72,329.39
63,46.75,16.04261116,Mexican,23.31,1,86,326.29
50,34.15,5.108269694,Mexican,37.22,1,98,325.89
96,11.39,14.65270469,Mexican,42.99,0,81,324.02
71,25.46,14.78053116,Mexican,20.71,0,11,321.82
47,26.18,14.40016079,Mexican,23.57,0,1,321.77
32,49.10,9.485768409,Mexican,19.95,0,11,320.55
99,19.55,4.886798816,Mexican,32.82,0,84,319.87
33,37.32,13.08151591,Mexican,23.22,0,1,318.77
70,26.13,13.25329026,Mexican,26.09,1,46,317.98
45,46.47,2.113869598,Mexican,24.42,1,88,312.91
84,33.86,9.828363551,Mexican,28.68,1,48,312.76
73,26.70,15.83399977,Mexican,23.05,0,13,308.83
57,43.62,15.67685354,Mexican,18.34,1,85,308.71
42,19.16,13.61949654,Mexican,22.76,1,24,308.20
78,48.71,4.504474045,Mexican,40.01,1,66,307.97
74,46.92,9.565105892,Mexican,13.35,1,22,307.77
42,40.34,15.74253205,Mexican,11.27,0,42,306.28
86,49.47,4.569734935,Mexican,18.24,1,92,305.18
73,38.56,4.869559368,Mexican,29.78,1,34,304.38
57,15.99,5.850301821,Mexican,38.36,0,67,302.42
84,21.95,0.8877554434,Mexican,42.20,0,43,302.39
63,44.32,1.977472353,Mexican,10.42,0,17,301.34
73,25.66,8.371612432,Mexican,12.44,0,60,301.18
97,14.57,0.0375976705,Mexican,34.48,0,94,300.36
26,35.96,19.39215454,Mexican,15.24,1,15,298.42
58,38.97,5.253512852,Mexican,42.87,0,11,296.29
64,48.53,7.123712942,Mexican,19.69,1,43,295.51
65,42.38,17.26801534,Mexican,48.09,1,65,293.85
88,18.78,4.344181954,Mexican,15.68,0,30,292.40
26,44.57,11.1937689,Mexican,28.01,1,22,291.88
53,48.36,7.726978197,Mexican,17.09,1,49,291.81
78,29.77,1.250844538,Mexican,26.43,1,48,290.83
71,27.07,6.338449547,Mexican,40.61,0,32,289.89
82,26.88,3.469601485,Mexican,15.49,0,11,285.47
62,17.89,10.54452362,Mexican,18.06,0,22,284.70
67,35.90,2.57697424,Mexican,12.50,0,78,284.55
57,48.48,0.2680525286,Mexican,39.56,0,27,283.65
81,23.24,12.9148102,Mexican,17.68,1,68,283.44
46,40.74,3.304841009,Mexican,35.62,1,90,283.26
39,13.48,13.7576822,Mexican,48.38,1,52,282.13
32,35.21,10.25804832,Mexican,30.32,0,17,281.40
84,16.47,12.95426342,Mexican,15.56,1,27,279.63
79,23.43,13.56757646,Mexican,29.09,0,44,279.29
34,25.65,19.35511754,Mexican,27.04,1,68,278.87
86,25.82,3.436969627,Mexican,26.17,1,26,277.74
41,14.12,7.976720594,Mexican,34.99,0,38,276.87
67,16.42,17.59643828,Mexican,23.71,0,18,276.67
44,35.60,1.986044055,Mexican,43.54,1,21,275.01
28,46.31,19.41532413,Mexican,31.29,0,29,273.82
36,27.54,7.797447059,Mexican,12.52,1,41,270.36
73,16.82,2.320453627,Mexican,40.02,0,15,268.71
66,43.86,4.510826599,Mexican,45.05,1,7,268.00
60,30.39,8.315950014,Mexican,20.67,0,98,267.68
85,31.71,3.793896963,Mexican,26.62,1,1,267.49
69,30.90,15.87979433,Mexican,49.23,1,23,264.86
54,49.55,5.558041945,Mexican,49.46,0,5,264.63
48,14.97,5.698160431,Mexican,40.98,1,76,263.40
54,32.27,4.844624356,Mexican,12.02,1,60,262.01
43,44.10,7.795187749,Mexican,11.64,0,8,261.27
47,33.48,12.11510606,Mexican,27.74,0,54,261.16
23,45.85,9.2570391,Mexican,25.42,1,54,261.00
28,27.84,7.632238797,Mexican,10.80,1,70,260.92
47,20.03,4.717151983,Mexican,31.20,0,10,258.72
51,43.23,3.734465915,Mexican,38.24,1,4,256.91
42,39.73,9.033936385,Mexican,48.78,1,52,256.63
30,46.71,2.088082595,Mexican,47.43,1,65,255.80
79,14.79,3.656144733,Mexican,36.17,1,18,255.58
59,16.56,3.304078787,Mexican,34.94,1,19,254.30
29,40.84,19.82252864,Mexican,39.85,0,78,252.98
44,47.30,2.81919255,Mexican,16.88,0,87,252.18
44,21.10,11.97063151,Mexican,24.68,1,92,251.85
55,12.07,2.715780941,Mexican,49.43,0,45,251.39
55,32.12,0.5933644613,Mexican,44.50,1,26,251.32
49,34.34,7.702402398,Mexican,14.98,0,32,250.27
24,46.43,7.096827205,Mexican,15.32,0,79,250.18
42,31.60,3.347194663,Mexican,27.71,1,57,249.34
66,26.20,10.85068737,Mexican,30.61,1,78,248.42
22,40.40,16.49069616,Mexican,24.32,1,95,247.07
73,18.94,10.87611456,Mexican,29.68,0,99,246.48
35,40.19,13.50280122,Mexican,17.50,0,45,240.83
27,12.09,16.5342932,Mexican,10.55,1,25,240.00
26,35.61,17.91453452,Mexican,14.15,0,4,239.94
56,19.09,4.539293887,Mexican,40.91,0,15,239.03
43,40.61,7.069214811,Mexican,36.96,0,39,237.90
31,44.09,6.393336649,Mexican,47.32,1,82,234.35
67,11.80,3.232396226,Mexican,27.89,1,33,234.23
53,29.92,2.979994723,Mexican,16.70,1,71,233.80
54,16.37,15.85042784,Mexican,21.67,1,10,233.60
68,29.24,18.94071975,Mexican,42.31,1,11,233.14
62,22.88,8.949362826,Mexican,10.99,0,63,232.87
24,37.83,13.12268036,Mexican,25.13,1,33,231.97
17,27.98,6.795376543,Mexican,43.80,1,88,231.04
48,19.22,3.912185461,Mexican,14.63,0,99,227.11
21,29.39,7.753471895,Mexican,44.50,1,35,226.39
25,42.86,0.3600017789,Mexican,34.77,1,24,225.64
33,36.78,15.2381364,Mexican,20.86,1,15,223.74
57,13.11,0.1405840763,Mexican,14.32,1,62,221.85
93,16.36,14.15376653,Mexican,33.86,1,23,220.96
40,44.59,9.97141599,Mexican,38.73,1,12,217.96
68,48.98,2.756457983,Mexican,22.17,0,87,217.35
21,45.30,9.009306033,Mexican,38.85,1,55,217.07
58,36.50,4.525582164,Mexican,46.25,1,41,215.80
61,21.26,6.460223968,Mexican,17.73,1,22,214.82
56,14.13,7.90868536,Mexican,25.29,0,50,214.61
45,35.49,16.89578873,Mexican,22.83,1,85,213.38
45,33.52,10.34478763,Mexican,29.05,1,95,209.31
15,48.51,13.15120626,Mexican,35.87,0,19,208.89
42,14.82,10.96641167,Mexican,10.73,0,34,208.16
12,10.70,13.54774643,Mexican,23.55,1,98,206.90
13,31.98,4.807647774,Mexican,42.91,1,23,205.39
32,28.94,17.48453448,Mexican,34.06,1,56,202.62
65,20.66,2.447535147,Mexican,28.05,1,98,199.98
22,35.15,12.9219235,Mexican,34.67,1,7,197.16
78,12.99,3.381621407,Mexican,31.78,1,97,196.93
50,13.55,8.447690444,Mexican,41.87,0,99,195.39
42,18.80,1.90023398,Mexican,15.89,1,19,194.47
26,37.22,8.904922246,Mexican,47.14,0,52,193.28
14,30.61,11.54081329,Mexican,20.03,0,70,193.19
40,22.49,11.58532708,Mexican,44.43,1,95,191.90
15,34.25,18.97691912,Mexican,22.39,0,36,188.11
73,10.05,0.6529135509,Mexican,13.37,1,9,187.02
47,49.22,5.362780402,Mexican,32.50,0,20,186.87
33,32.34,0.5028391655,Mexican,43.11,1,11,186.68
54,10.83,16.59175114,Mexican,20.21,1,4,186.58
76,14.93,1.380590818,Mexican,35.44,0,14,186.00
45,30.27,17.3164033,Mexican,33.98,1,4,184.95
26,12.11,1.951250205,Mexican,15.56,1,81,184.71
33,13.47,5.514397062,Mexican,40.93,0,20,181.37
25,27.68,3.312566941,Mexican,31.49,0,61,177.46
12,41.52,2.0961613,Mexican,33.25,0,90,177.12
76,14.38,5.109866893,Mexican,43.19,1,10,174.08
39,27.64,0.440703206,Mexican,43.60,0,65,172.93
49,29.35,13.95341255,Mexican,30.52,1,58,166.49
28,42.90,0.4586562254,Mexican,20.23,0,8,164.64
11,20.24,0.9566164079,Mexican,44.54,0,87,163.81
11,39.67,17.48524941,Mexican,37.81,0,23,163.50
17,31.41,10.97960899,Mexican,24.31,0,91,162.88
28,13.26,16.00709758,Mexican,41.68,1,98,162.37
44,25.11,4.421267429,Mexican,41.52,1,18,160.39
21,18.48,1.70682673,Mexican,10.11,0,56,159.41
21,10.09,1.145605022,Mexican,19.31,1,75,158.56
10,45.16,12.27554838,Mexican,39.15,0,81,155.78
28,42.30,9.441208684,Mexican,28.09,1,55,153.31
24,21.11,7.651606471,Mexican,44.86,0,45,151.91
18,47.46,11.50710807,Mexican,15.57,0,64,147.97
14,26.98,7.982003761,Mexican,28.28,1,15,143.96
67,16.15,8.583651868,Mexican,17.14,1,84,143.42
11,20.10,19.32486821,Mexican,18.77,0,54,139.37
10,16.83,10.93926503,Mexican,49.72,0,12,139.18
11,15.29,1.056079209,Mexican,49.82,0,81,138.27
23,20.28,3.756857051,Mexican,38.52,0,64,133.24
17,46.51,9.72031006,Mexican,23.14,1,20,131.24
33,24.87,8.428880832,Mexican,29.21,0,66,127.94
11,34.96,3.537742903,Mexican,30.53,0,51,117.15
13,43.59,15.16370022,Mexican,19.74,1,6,115.09
18,11.37,9.406381082,Mexican,47.30,0,78,113.66
15,39.04,0.7604369647,Mexican,22.35,1,46,113.21
21,27.69,1.48481746,Mexican,23.35,1,78,111.09
35,14.63,3.342640229,Mexican,18.66,0,92,110.32
37,18.41,0.05842065243,Mexican,38.30,1,51,110.25
31,20.62,5.822884956,Mexican,17.04,0,57,110.23
10,16.25,4.938148533,Mexican,22.41,0,83,109.31
26,30.85,0.6158009932,Mexican,30.11,0,11,106.96
26,34.69,2.054965049,Mexican,15.17,0,16,97.37
14,43.17,6.604855587,Mexican,14.76,1,5,87.77
27,33.72,17.2348499,Mexican,14.09,0,72,83.60
12,29.17,16.76530719,Mexican,42.59,0,26,81.62
29,13.90,1.552292895,Mexican,18.81,0,16,73.34
12,37.62,0.8918981675,Mexican,42.60,1,38,73.05
24,26.32,12.23881011,Mexican,12.55,0,98,63.01
30,35.30,9.332155694,Mexican,14.53,1,99,51.27
16,36.43,11.49559109,Mexican,43.46,1,59,47.09
12,10.36,17.79304066,Mexican,25.76,0,78,45.96
33,25.17,4.556848351,Mexican,24.26,1,68,41.59
30,30.81,4.548189917,Mexican,46.63,1,6,27.15
10,33.52,2.314752134,Mexican,45.39,0,41,3.82
13,36.13,0.8111747509,Mexican,43.12,1,12,-28.92